Activity - ID,Activity - Subject,Activity - Type,Activity - Due date,Activity - Done,Activity - Deal ID,Activity - Deal,Activity - Contact person,Activity - Organization,Activity - Note
9001,Discovery call,meeting,2026-08-26,Done,109,Northwind Traders - Inventory Sync,Rosa Delgado,Northwind Traders,Rosa wants stock levels synced between 3 warehouses and the webshop. Current tool: spreadsheets + nightly CSV.
9002,Demo with ops team,meeting,2026-09-07,Done,109,Northwind Traders - Inventory Sync,Rosa Delgado,Northwind Traders,Ben Foster (IT) asked about SSO and an on-prem SQL connector. Rosa liked the low-stock alerts.
9003,Sent proposal v1,email,2026-09-18,Done,109,Northwind Traders - Inventory Sync,Rosa Delgado,Northwind Traders,Proposal at 60000 USD/yr. Rosa: budget approved up to 55k this fiscal year.
9004,Pricing follow-up,call,2026-09-25,Done,109,Northwind Traders - Inventory Sync,Rosa Delgado,Northwind Traders,Agreed 54000 USD if signed by end of September; Ben still needs the security questionnaire.
9005,Security questionnaire returned,email,2026-10-02,Done,109,Northwind Traders - Inventory Sync,Rosa Delgado,Northwind Traders,Sent completed questionnaire. Rosa said legal is reviewing the MSA; signature slipped past 29 Sep.
9006,Site visit,meeting,2026-08-31,Done,101,Acme Anvil - Warehouse Robotics Pilot,Dana Whitfield,Acme Anvil Co,"Dana showed the pick-and-pack floor; 2 shifts, 14 pickers."
9007,Sent pilot proposal,email,2026-09-16,Done,101,Acme Anvil - Warehouse Robotics Pilot,Dana Whitfield,Acme Anvil Co,48000 USD 90-day pilot. Dana to review with Raj Mehta (CFO).
9008,Qualification call,call,2026-09-12,Done,102,Globex - Fleet Telematics,Marco Bellini,Globex Logistics,Marco interested; asked for a case study from a logistics customer.
9009,Check-in call,call,2026-09-23,Done,103,Initech - Payroll Integration,Tom Asher,Initech Software,
9010,Follow-up,call,2026-10-02,To do,103,Initech - Payroll Integration,Tom Asher,Initech Software,
9011,Check-in call,call,2026-09-05,Done,104,Bluebird Bakery - POS Rollout,Hannah Cole,Bluebird Bakery Ltd,
9012,Check-in call,call,2026-08-26,Done,105,Copperline Dental - Patient Portal,Felix Ward,Copperline Dental Group,
9013,Check-in call,call,2026-09-17,Done,106,Harborview Hotels - Guest Wifi Upgrade,Lena Park,Harborview Hotels,
9014,Follow-up,call,2026-09-30,To do,106,Harborview Hotels - Guest Wifi Upgrade,Lena Park,Harborview Hotels,
9015,Check-in call,call,2026-08-21,Done,107,Pinecrest Schools - Annual Licence,Omar Haddad,Pinecrest School District,
9016,Check-in call,call,2026-09-20,Done,108,Vantage Freight - Route Optimizer,Katrin Vogel,Vantage Freight GmbH,
9017,Contract review (14:00),meeting,2026-10-05,To do,109,Northwind Traders - Inventory Sync,Rosa Delgado,Northwind Traders,
9018,Check-in call,call,2026-09-30,Done,110,Summit Outdoor - Ecommerce Replatform,Jake Moreno,Summit Outdoor Supply,
9019,Follow-up,call,2026-10-09,To do,110,Summit Outdoor - Ecommerce Replatform,Jake Moreno,Summit Outdoor Supply,
9020,Check-in call,call,2026-10-03,Done,111,Riverside Clinic - Scheduling Suite,Amara Osei,Riverside Family Clinic,
9021,Follow-up,call,2026-10-06,To do,111,Riverside Clinic - Scheduling Suite,Amara Osei,Riverside Family Clinic,
9022,Check-in call,call,2026-08-31,Done,112,Acme Anvil - Support Renewal 2027,Dana Whitfield,Acme Anvil Co,
9023,Follow-up,call,2026-10-15,To do,112,Acme Anvil - Support Renewal 2027,Dana Whitfield,Acme Anvil Co,
9024,Check-in call,call,2026-09-10,Done,113,Initech - Analytics Add-on,Tom Asher,Initech Software,
9025,Follow-up,call,2026-10-11,To do,113,Initech - Analytics Add-on,Tom Asher,Initech Software,
9026,Check-in call,call,2026-09-15,Done,114,Lumen Labs - Lab Data Portal,Ivy Chen,Lumen Labs,
9027,Follow-up,call,2026-10-08,To do,114,Lumen Labs - Lab Data Portal,Ivy Chen,Lumen Labs,
9028,Check-in call,call,2026-10-01,Done,115,Tidewater Marine - Parts Catalog,Gus Halvorsen,Tidewater Marine Supply,
9029,Check-in call,call,2026-09-29,Done,116,Maple & Main Realty - CRM Migration,Sofia Brandt,Maple & Main Realty,
9030,Check-in call,call,2026-09-30,Done,117,Quillfeather Press - Print Portal,Nina Albright,Quillfeather Press,
9031,Follow-up,call,2026-10-12,To do,117,Quillfeather Press - Print Portal,Nina Albright,Quillfeather Press,
9032,Check-in call,call,2026-10-02,Done,118,Ironbridge Fitness - Member App,Cole Mercer,Ironbridge Fitness,
9033,Follow-up,call,2026-10-10,To do,118,Ironbridge Fitness - Member App,Cole Mercer,Ironbridge Fitness,
9034,Check-in call,call,2026-10-03,Done,119,Saltmarsh Brewing - Distribution Portal,Fern Ashby,Saltmarsh Brewing Co,
9035,Follow-up,call,2026-10-11,To do,119,Saltmarsh Brewing - Distribution Portal,Fern Ashby,Saltmarsh Brewing Co,
9036,Check-in call,call,2026-10-01,Done,120,Kestrel Aviation - Maintenance Logs,Victor Lund,Kestrel Aviation,
9037,Follow-up,call,2026-10-07,To do,120,Kestrel Aviation - Maintenance Logs,Victor Lund,Kestrel Aviation,
9038,Check-in call,call,2026-09-27,Done,121,Orchard Lane Vet - Booking Widget,Maya Fischer,Orchard Lane Vet,
9039,Follow-up,call,2026-10-14,To do,121,Orchard Lane Vet - Booking Widget,Maya Fischer,Orchard Lane Vet,
9040,Check-in call,call,2026-10-04,Done,122,Granite Peak Insurance - Claims Intake,Leo Brandt,Granite Peak Insurance,
9041,Follow-up,call,2026-10-08,To do,122,Granite Peak Insurance - Claims Intake,Leo Brandt,Granite Peak Insurance,
9042,Check-in call,call,2026-09-29,Done,123,Blue Fern Studio - Asset Library,Elise Moreau,Blue Fern Studio,
9043,Follow-up,call,2026-10-13,To do,123,Blue Fern Studio - Asset Library,Elise Moreau,Blue Fern Studio,
9044,Check-in call,call,2026-10-02,Done,124,Cobalt Labs - Sensor Dashboard,Arjun Rao,Cobalt Labs,
9045,Follow-up,call,2026-10-09,To do,124,Cobalt Labs - Sensor Dashboard,Arjun Rao,Cobalt Labs,
9046,Check-in call,call,2026-09-25,Done,125,Westbrook Library - Kiosk Licence,Grace Odum,Westbrook Public Library,
9047,Follow-up,call,2026-10-17,To do,125,Westbrook Library - Kiosk Licence,Grace Odum,Westbrook Public Library,
9048,Check-in call,call,2026-09-28,Done,126,Larkspur Florists - Delivery Routing,Wes Tanaka,Larkspur Florists,
9049,Follow-up,call,2026-10-07,To do,126,Larkspur Florists - Delivery Routing,Wes Tanaka,Larkspur Florists,
9050,Check-in call,call,2026-09-30,Done,127,Meridian Credit Union - Member Portal Renewal,Paula Grant,Meridian Credit Union,
9051,Follow-up,call,2026-10-08,To do,127,Meridian Credit Union - Member Portal Renewal,Paula Grant,Meridian Credit Union,
9052,Check-in call,call,2026-09-24,Done,128,Foxglove Spa - Loyalty App,Iris Kemp,Foxglove Spa,
9053,Follow-up,call,2026-10-19,To do,128,Foxglove Spa - Loyalty App,Iris Kemp,Foxglove Spa,
9054,Check-in call,call,2026-10-03,Done,129,Stonegate Builders - Bid Tracker,Hank Rowe,Stonegate Builders,
9055,Follow-up,call,2026-10-06,To do,129,Stonegate Builders - Bid Tracker,Hank Rowe,Stonegate Builders,
9056,Check-in call,call,2026-10-04,Done,130,Halcyon Health - Telehealth Add-on Renewal,Dev Patel,Halcyon Health,
9057,Follow-up,call,2026-10-07,To do,130,Halcyon Health - Telehealth Add-on Renewal,Dev Patel,Halcyon Health,
9058,Check-in call,call,2026-09-29,Done,131,Brightwater Utilities - Outage Map,Carla Nunes,Brightwater Utilities,
9059,Follow-up,call,2026-10-10,To do,131,Brightwater Utilities - Outage Map,Carla Nunes,Brightwater Utilities,
9060,Follow-up,call,2026-10-12,To do,132,Tidewater Marine - Parts Catalog,Gus Halvorsen,Tidewater Marine Supply,
