Deal - ID,Deal - Title,Deal - Value,Deal - Currency,Deal - Pipeline,Deal - Stage,Deal - Status,Deal - Owner,Deal - Organization,Deal - Contact person,Deal - Probability,Deal - Expected close date,Deal - Deal created,Deal - Last stage change,Deal - Last activity date,Deal - Next activity date,Deal - Update time,Deal - Won time,Deal - Lost reason,Deal - Industry,9f2c4a7e1b3d5f60a8c2e4b6d8f0a1c3e5b7d9f1
101,Acme Anvil - Warehouse Robotics Pilot,48000,USD,New Business,Proposal Made,open,Sam Okafor,Acme Anvil Co,Dana Whitfield,,2026-11-04,2026-07-27 09:00:00,2026-09-14 11:30:00,2026-09-16,,2026-09-16 16:45:12,,,Manufacturing,Referral
102,Globex - Fleet Telematics,36000,EUR,New Business,Qualified,open,Priya Natarajan,Globex Logistics,Marco Bellini,,2026-12-04,2026-08-16 09:00:00,2026-09-05 11:30:00,2026-09-12,,2026-09-12 16:45:12,,,Logistics,Outbound
103,Initech - Payroll Integration,72000,USD,New Business,Negotiation,open,Sam Okafor,Initech Software,Tom Asher,,2026-10-25,2026-06-07 09:00:00,2026-09-19 11:30:00,2026-09-23,2026-10-02,2026-09-23 16:45:12,,,Software,Website
104,Bluebird Bakery - POS Rollout,9500,GBP,New Business,Demo Scheduled,open,Priya Natarajan,Bluebird Bakery Ltd,Hannah Cole,,2026-11-19,2026-08-06 09:00:00,2026-09-02 11:30:00,2026-09-05,,2026-09-05 16:45:12,,,Food & Beverage,Event
105,Copperline Dental - Patient Portal,6000,USD,New Business,Lead In,open,Sam Okafor,Copperline Dental Group,Felix Ward,5,2027-01-03,2026-08-21 09:00:00,2026-08-21 11:30:00,2026-08-26,,2026-08-26 16:45:12,,,Healthcare,Website
106,Harborview Hotels - Guest Wifi Upgrade,22000,USD,Renewals,Renewal Proposal,open,Priya Natarajan,Harborview Hotels,Lena Park,,2026-10-30,2026-03-19 09:00:00,2026-09-15 11:30:00,2026-09-17,2026-09-30,2026-09-17 16:45:12,,,Hospitality,Renewal
107,Pinecrest Schools - Annual Licence,15000,USD,Renewals,Up for Renewal,open,Sam Okafor,Pinecrest School District,Omar Haddad,,2026-11-14,2025-09-20 09:00:00,2026-08-16 11:30:00,2026-08-21,,2026-08-21 16:45:12,,,Education,Renewal
108,Vantage Freight - Route Optimizer,28000,EUR,New Business,Proposal Made,open,Priya Natarajan,Vantage Freight GmbH,Katrin Vogel,,2026-11-09,2026-07-17 09:00:00,2026-09-18 11:30:00,2026-09-20,,2026-09-20 16:45:12,,,Logistics,Referral
109,Northwind Traders - Inventory Sync,54000,USD,New Business,Negotiation,open,Sam Okafor,Northwind Traders,Rosa Delgado,,2026-09-29,2026-06-17 09:00:00,2026-09-21 11:30:00,2026-10-02,2026-10-05,2026-10-02 16:45:12,,,Wholesale,Event
110,Summit Outdoor - Ecommerce Replatform,41000,USD,New Business,Proposal Made,open,Priya Natarajan,Summit Outdoor Supply,Jake Moreno,,2026-09-23,2026-07-07 09:00:00,2026-09-10 11:30:00,2026-09-30,2026-10-09,2026-09-30 16:45:12,,,Retail,Website
111,Riverside Clinic - Scheduling Suite,18000,GBP,Renewals,Verbal Yes,open,Sam Okafor,Riverside Family Clinic,Amara Osei,,2026-10-02,2025-12-09 09:00:00,2026-09-29 11:30:00,2026-10-03,2026-10-06,2026-10-03 16:45:12,,,Healthcare,Renewal
112,Acme Anvil - Support Renewal 2027,12000,USD,Renewals,Up for Renewal,open,Sam Okafor,Acme Anvil Co,Dana Whitfield,,2026-12-19,2025-10-05 09:00:00,2026-08-26 11:30:00,2026-08-31,2026-10-15,2026-08-31 16:45:12,,,Manufacturing,Renewal
113,Initech - Analytics Add-on,14000,USD,New Business,Qualified,open,Sam Okafor,Initech Software,Tom Asher,,2026-11-24,2026-08-26 09:00:00,2026-09-07 11:30:00,2026-09-10,2026-10-11,2026-09-10 16:45:12,,,Software,Outbound
114,Lumen Labs - Lab Data Portal,19000,EUR,New Business,Demo Scheduled,open,Priya Natarajan,Lumen Labs,Ivy Chen,,2026-11-14,2026-08-11 09:00:00,2026-09-13 11:30:00,2026-09-15,2026-10-08,2026-09-15 16:45:12,,,Biotech,Referral
115,Tidewater Marine - Parts Catalog,11000,USD,New Business,Qualified,open,Priya Natarajan,Tidewater Marine Supply,Gus Halvorsen,,2026-11-29,2026-09-05 09:00:00,2026-09-26 11:30:00,2026-10-01,,2026-10-01 16:45:12,,,Marine,Website
116,Maple & Main Realty - CRM Migration,8000,USD,New Business,Demo Scheduled,open,Sam Okafor,Maple & Main Realty,Sofia Brandt,,2026-12-14,2026-09-10 09:00:00,2026-09-27 11:30:00,2026-09-29,,2026-09-29 16:45:12,,,Real Estate,Event
117,Quillfeather Press - Print Portal,4500,USD,New Business,Lead In,open,Priya Natarajan,Quillfeather Press,Nina Albright,,2026-12-20,2026-09-23 09:00:00,2026-09-23 11:30:00,2026-09-30,2026-10-12,2026-09-30 16:45:12,,,Publishing,Website
118,Ironbridge Fitness - Member App,16000,USD,New Business,Qualified,open,Sam Okafor,Ironbridge Fitness,Cole Mercer,,2026-12-06,2026-08-31 09:00:00,2026-09-25 11:30:00,2026-10-02,2026-10-10,2026-10-02 16:45:12,,,Fitness,Outbound
119,Saltmarsh Brewing - Distribution Portal,13500,GBP,New Business,Demo Scheduled,open,Priya Natarajan,Saltmarsh Brewing Co,Fern Ashby,,2026-11-22,2026-08-26 09:00:00,2026-09-28 11:30:00,2026-10-03,2026-10-11,2026-10-03 16:45:12,,,Food & Beverage,Event
120,Kestrel Aviation - Maintenance Logs,"67,000.00",USD,New Business,Proposal Made,open,Sam Okafor,Kestrel Aviation,Victor Lund,,2026-11-02,2026-07-22 09:00:00,2026-09-27 11:30:00,2026-10-01,2026-10-07,2026-10-01 16:45:12,,,Aviation,Referral
,,,,,,,,,,,,,,,,,,,,
121,Orchard Lane Vet - Booking Widget,3000,USD,New Business,Lead In,open,Priya Natarajan,Orchard Lane Vet,Maya Fischer,,2027-02-02,2026-09-25 09:00:00,2026-09-25 11:30:00,2026-09-27,2026-10-14,2026-09-27 16:45:12,,,Veterinary,Website
122,Granite Peak Insurance - Claims Intake,88000,USD,New Business,Negotiation,open,Sam Okafor,Granite Peak Insurance,Leo Brandt,90,2026-10-19,2026-05-28 09:00:00,2026-09-30 11:30:00,2026-10-04,2026-10-08,2026-10-04 16:45:12,,,Insurance,Referral
123,Blue Fern Studio - Asset Library,7200,EUR,New Business,Qualified,open,Priya Natarajan,Blue Fern Studio,Elise Moreau,,2027-01-04,2026-09-15 09:00:00,2026-09-24 11:30:00,2026-09-29,2026-10-13,2026-09-29 16:45:12,,,Design,Website
124,Cobalt Labs - Sensor Dashboard,31000,EUR,New Business,Proposal Made,open,Priya Natarajan,Cobalt Labs,Arjun Rao,,2026-11-07,2026-08-01 09:00:00,2026-09-29 11:30:00,2026-10-02,2026-10-09,2026-10-02 16:45:12,,,IoT,Outbound
125,Westbrook Library - Kiosk Licence,9000,USD,Renewals,Up for Renewal,open,Sam Okafor,Westbrook Public Library,Grace Odum,,2026-12-04,2025-08-31 09:00:00,2026-09-23 11:30:00,2026-09-25,2026-10-17,2026-09-25 16:45:12,,,Public Sector,Renewal
126,Larkspur Florists - Delivery Routing,5600,GBP,New Business,Demo Scheduled,open,Priya Natarajan,Larkspur Florists,Wes Tanaka,,2026-11-15,2026-09-07 09:00:00,2026-09-26 11:30:00,2026-09-28,2026-10-07,2026-09-28 16:45:12,,,Retail,Event
127,Meridian Credit Union - Member Portal Renewal,26000,USD,Renewals,Renewal Proposal,open,Sam Okafor,Meridian Credit Union,Paula Grant,,2026-11-04,2025-09-10 09:00:00,2026-09-28 11:30:00,2026-09-30,2026-10-08,2026-09-30 16:45:12,,,Finance,Renewal
128,Foxglove Spa - Loyalty App,2500,GBP,New Business,Lead In,open,Priya Natarajan,Foxglove Spa,Iris Kemp,,2027-01-19,2026-09-21 09:00:00,2026-09-21 11:30:00,2026-09-24,2026-10-19,2026-09-24 16:45:12,,,Wellness,Website
129,Stonegate Builders - Bid Tracker,47000,USD,New Business,Negotiation,open,Sam Okafor,Stonegate Builders,Hank Rowe,,2026-10-26,2026-07-02 09:00:00,2026-10-01 11:30:00,2026-10-03,2026-10-06,2026-10-03 16:45:12,,,Construction,Referral
130,Halcyon Health - Telehealth Add-on Renewal,33000,USD,Renewals,Verbal Yes,open,Priya Natarajan,Halcyon Health,Dev Patel,,2026-10-14,2025-08-21 09:00:00,2026-10-02 11:30:00,2026-10-04,2026-10-07,2026-10-04 16:45:12,,,Healthcare,Renewal
131,Brightwater Utilities - Outage Map,52000,USD,New Business,Proposal Made,open,Sam Okafor,Brightwater Utilities,Carla Nunes,,2026-12-15,2026-06-27 09:00:00,2026-09-26 11:30:00,2026-09-29,2026-10-10,2026-09-29 16:45:12,,,Utilities,Event
132,Tidewater Marine - Parts Catalog,11000,USD,New Business,Lead In,open,Sam Okafor,Tidewater Marine Supply,Gus Halvorsen,,2026-11-29,2026-10-03 09:00:00,2026-10-03 11:30:00,,2026-10-12,2026-10-03 16:45:12,,,Marine,Website
133,Juniper Coffee - Loyalty Pilot,7000,USD,New Business,Negotiation,won,Priya Natarajan,Juniper Coffee Roasters,Tess Lindqvist,,2026-09-15,2026-07-07 09:00:00,2026-08-26 11:30:00,2026-09-10,,2026-09-10 16:45:12,2026-09-10 15:00:00,,Food & Beverage,Event
134,Redwood Legal - Document Portal,24000,USD,New Business,Negotiation,won,Sam Okafor,Redwood Legal LLP,Martin Shaw,,2026-09-25,2026-06-07 09:00:00,2026-09-05 11:30:00,2026-09-22,,2026-09-22 16:45:12,2026-09-22 15:00:00,,Legal,Referral
135,Alder Robotics - Support Renewal,15000,EUR,Renewals,Verbal Yes,won,Priya Natarajan,Alder Robotics,Yuki Sato,,2026-09-30,2025-09-30 09:00:00,2026-09-20 11:30:00,2026-09-29,,2026-09-29 16:45:12,2026-09-29 15:00:00,,Manufacturing,Renewal
136,Oakmont Golf - Tee Booking,6500,USD,New Business,Negotiation,won,Sam Okafor,Oakmont Golf Club,Reggie Hall,,2026-08-16,2026-05-08 09:00:00,2026-08-06 11:30:00,2026-08-14,,2026-08-14 16:45:12,2026-08-14 15:00:00,,Leisure,Website
137,Sparrow Analytics - Pilot,12000,GBP,New Business,Negotiation,won,Priya Natarajan,Sparrow Analytics,Noor Rahman,,2026-10-07,2026-07-27 09:00:00,2026-10-02 11:30:00,2026-10-02,,2026-10-02 16:45:12,2026-10-02 15:00:00,,Software,Outbound
138,Crestline Motors - Service Portal,30000,USD,New Business,Proposal Made,lost,Sam Okafor,Crestline Motors,Dale Burke,,2026-10-20,2026-07-12 09:00:00,2026-09-15 11:30:00,2026-10-01,,2026-10-01 16:45:12,,Went with competitor,Automotive,Event
139,Ember Candle Co - Webshop,4000,USD,New Business,Qualified,lost,Priya Natarajan,Ember Candle Co,Lucy Vance,,2026-09-25,2026-08-06 09:00:00,2026-08-26 11:30:00,2026-09-05,,2026-09-05 16:45:12,,No budget,Retail,Website
140,Driftwood Rentals - Booking Engine,9000,USD,New Business,Demo Scheduled,lost,Sam Okafor,Driftwood Rentals,Kai Nakamura,,2026-10-25,2026-07-27 09:00:00,2026-09-05 11:30:00,2026-09-20,,2026-09-20 16:45:12,,Timing - revisit Q2,Hospitality,Outbound
