Organization - ID,Organization - Name,Organization - Industry,Organization - Website,Organization - People
701,Acme Anvil Co,Manufacturing,https://acmeanvilco.example.com,10
702,Alder Robotics,Manufacturing,https://alderrobotics.example.com,47
703,Blue Fern Studio,Design,https://bluefernstudio.example.com,84
704,Bluebird Bakery Ltd,Food & Beverage,https://bluebirdbakeryltd.example.com,121
705,Brightwater Utilities,Utilities,https://brightwaterutilities.example.com,158
706,Cobalt Labs,IoT,https://cobaltlabs.example.com,195
707,Copperline Dental Group,Healthcare,https://copperlinedentalgrou.example.com,232
708,Crestline Motors,Automotive,https://crestlinemotors.example.com,269
709,Driftwood Rentals,Hospitality,https://driftwoodrentals.example.com,306
710,Ember Candle Co,Retail,https://embercandleco.example.com,343
711,Foxglove Spa,Wellness,https://foxglovespa.example.com,380
712,Globex Logistics,Logistics,https://globexlogistics.example.com,17
713,Granite Peak Insurance,Insurance,https://granitepeakinsurance.example.com,54
714,Halcyon Health,Healthcare,https://halcyonhealth.example.com,91
715,Harborview Hotels,Hospitality,https://harborviewhotels.example.com,128
716,Initech Software,Software,https://initechsoftware.example.com,165
717,Ironbridge Fitness,Fitness,https://ironbridgefitness.example.com,202
718,Juniper Coffee Roasters,Food & Beverage,https://junipercoffeeroaster.example.com,239
719,Kestrel Aviation,Aviation,https://kestrelaviation.example.com,276
720,Larkspur Florists,Retail,https://larkspurflorists.example.com,313
721,Lumen Labs,Biotech,https://lumenlabs.example.com,350
722,Maple & Main Realty,Real Estate,https://maplemainrealty.example.com,387
723,Meridian Credit Union,Finance,https://meridiancreditunion.example.com,24
724,Northwind Traders,Wholesale,https://northwindtraders.example.com,61
725,Oakmont Golf Club,Leisure,https://oakmontgolfclub.example.com,98
726,Orchard Lane Vet,Veterinary,https://orchardlanevet.example.com,135
727,Pinecrest School District,Education,https://pinecrestschooldistr.example.com,172
728,Quillfeather Press,Publishing,https://quillfeatherpress.example.com,209
729,Redwood Legal LLP,Legal,https://redwoodlegalllp.example.com,246
730,Riverside Family Clinic,Healthcare,https://riversidefamilyclini.example.com,283
731,Saltmarsh Brewing Co,Food & Beverage,https://saltmarshbrewingco.example.com,320
732,Sparrow Analytics,Software,https://sparrowanalytics.example.com,357
733,Stonegate Builders,Construction,https://stonegatebuilders.example.com,394
734,Summit Outdoor Supply,Retail,https://summitoutdoorsupply.example.com,31
735,Tidewater Marine Supply,Marine,https://tidewatermarinesuppl.example.com,68
736,Vantage Freight GmbH,Logistics,https://vantagefreightgmbh.example.com,105
737,Westbrook Public Library,Public Sector,https://westbrookpubliclibra.example.com,142
