Person - ID,Person - Name,Person - Organization,Person - Email,Person - Phone,Person - Job title
501,Dana Whitfield,Acme Anvil Co,dana@acmeanvilco.example.com,+1 555 0101,Director of Operations
502,Marco Bellini,Globex Logistics,marco@globexlogistics.example.com,+1 555 0102,Head of Fleet
503,Tom Asher,Initech Software,tom@initechsoftware.example.com,+1 555 0103,HR Systems Lead
504,Hannah Cole,Bluebird Bakery Ltd,hannah@bluebirdbakeryltd.example.com,+1 555 0104,Owner
505,Felix Ward,Copperline Dental Group,felix@copperlinedentalgrou.example.com,+1 555 0105,Manager
506,Lena Park,Harborview Hotels,lena@harborviewhotels.example.com,+1 555 0106,Manager
507,Omar Haddad,Pinecrest School District,omar@pinecrestschooldistr.example.com,+1 555 0107,Manager
508,Katrin Vogel,Vantage Freight GmbH,katrin@vantagefreightgmbh.example.com,+1 555 0108,Manager
509,Rosa Delgado,Northwind Traders,rosa@northwindtraders.example.com,+1 555 0109,VP Operations
510,Jake Moreno,Summit Outdoor Supply,jake@summitoutdoorsupply.example.com,+1 555 0110,Manager
511,Amara Osei,Riverside Family Clinic,amara@riversidefamilyclini.example.com,+1 555 0111,Manager
512,Ivy Chen,Lumen Labs,ivy@lumenlabs.example.com,+1 555 0112,Manager
513,Gus Halvorsen,Tidewater Marine Supply,gus@tidewatermarinesuppl.example.com,+1 555 0113,Manager
514,Sofia Brandt,Maple & Main Realty,sofia@maplemainrealty.example.com,+1 555 0114,Manager
515,Nina Albright,Quillfeather Press,nina@quillfeatherpress.example.com,+1 555 0115,Manager
516,Cole Mercer,Ironbridge Fitness,cole@ironbridgefitness.example.com,+1 555 0116,Manager
517,Fern Ashby,Saltmarsh Brewing Co,fern@saltmarshbrewingco.example.com,+1 555 0117,Manager
518,Victor Lund,Kestrel Aviation,victor@kestrelaviation.example.com,+1 555 0118,Manager
519,Maya Fischer,Orchard Lane Vet,maya@orchardlanevet.example.com,+1 555 0119,Manager
520,Leo Brandt,Granite Peak Insurance,leo@granitepeakinsurance.example.com,+1 555 0120,Manager
521,Elise Moreau,Blue Fern Studio,elise@bluefernstudio.example.com,+1 555 0121,Manager
522,Arjun Rao,Cobalt Labs,arjun@cobaltlabs.example.com,+1 555 0122,Manager
523,Grace Odum,Westbrook Public Library,grace@westbrookpubliclibra.example.com,+1 555 0123,Manager
524,Wes Tanaka,Larkspur Florists,wes@larkspurflorists.example.com,+1 555 0124,Manager
525,Paula Grant,Meridian Credit Union,paula@meridiancreditunion.example.com,+1 555 0125,Manager
526,Iris Kemp,Foxglove Spa,iris@foxglovespa.example.com,+1 555 0126,Manager
527,Hank Rowe,Stonegate Builders,hank@stonegatebuilders.example.com,+1 555 0127,Manager
528,Dev Patel,Halcyon Health,dev@halcyonhealth.example.com,+1 555 0128,Manager
529,Carla Nunes,Brightwater Utilities,carla@brightwaterutilities.example.com,+1 555 0129,Manager
530,Tess Lindqvist,Juniper Coffee Roasters,tess@junipercoffeeroaster.example.com,+1 555 0130,Manager
531,Martin Shaw,Redwood Legal LLP,martin@redwoodlegalllp.example.com,+1 555 0131,Manager
532,Yuki Sato,Alder Robotics,yuki@alderrobotics.example.com,+1 555 0132,Manager
533,Reggie Hall,Oakmont Golf Club,reggie@oakmontgolfclub.example.com,+1 555 0133,Manager
534,Noor Rahman,Sparrow Analytics,noor@sparrowanalytics.example.com,+1 555 0134,Manager
535,Dale Burke,Crestline Motors,dale@crestlinemotors.example.com,+1 555 0135,Manager
536,Lucy Vance,Ember Candle Co,lucy@embercandleco.example.com,+1 555 0136,Manager
537,Kai Nakamura,Driftwood Rentals,kai@driftwoodrentals.example.com,+1 555 0137,Manager
538,Raj Mehta,Acme Anvil Co,raj@acmeanvilco.example.com,+1 555 0190,CFO
539,Ben Foster,Northwind Traders,ben@northwindtraders.example.com,+1 555 0191,IT Manager
