Ticket ID,Subject,Description,Status,Priority,Source,Type,Agent,Group,Created time,Due by Time,Resolved time,Last update time,Tags,Full name,Email,Company Name,Satisfaction Rating
1001,Need a copy of last month's invoice,"Hi, can you send me a PDF of the August invoice? Our accountant needs it.",Closed,Medium,Email,Question,Morgan Billingham,Billing,2026-09-18 10:12:00,2026-09-19 10:12:00,2026-09-18 15:30:00,2026-09-18 15:30:00,billing,Avery Sample,avery.sample@example.com,Maple Row Dental (Sample),Extremely Happy
1002,Locked out after 2FA phone change,"I got a new phone and now I can't log in, the two-factor code goes to my old phone.",Closed,Medium,Email,Question,Sam Agentson,Tier 1,2026-09-18 14:40:00,2026-09-19 14:40:00,2026-09-19 09:05:00,2026-09-19 09:05:00,login,Riley Placeholder,riley.placeholder@example.net,Bramblewood Salon (Sample),Extremely Happy
1003,Google Calendar sync stopped,Our Google Calendar sync stopped overnight for three clinicians. Bookings are not showing up.,Closed,High,Email,Question,Casey Escalante,Tier 2,2026-09-19 08:05:00,2026-09-19 16:05:00,2026-09-19 13:20:00,2026-09-19 13:20:00,calendar,Jordan Testwell,jordan.testwell@example.org,Harborview Clinics Group (Sample),Extremely Happy
1004,Bookings not appearing in Google Calendar,New bookings since this morning are not appearing in our Google Calendar. Old ones are fine.,2,3,Email,Question,Sam Agentson,Tier 1,2026-10-01 09:45:00,2026-10-02 09:45:00,,2026-10-01 09:45:00,calendar,Parker Testa,parker.testa@example.com,Maple Row Dental (Sample),
1005,Appointments showing an hour off,"Since our clocks changed, every appointment in the client reminder shows one hour off. The calendar itself looks right.",Closed,Medium,Email,Question,Sam Agentson,Tier 1,2026-09-19 16:22:00,2026-09-20 16:22:00,2026-09-21 11:00:00,2026-09-21 11:00:00,timezone,Quinn Mockford,quinn.mockford@example.com,Quartzline Physio (Sample),Unhappy
1006,How do I add a custom question to the booking form?,We want to ask new tutoring clients for their grade level when they book. Is there a custom question option on the booking form?,Closed,Low,Email,Question,Lee Supportly,Tier 1,2026-09-21 09:30:00,2026-09-23 09:30:00,2026-09-22 10:10:00,2026-09-22 10:10:00,howto,Dana Fixture,dana.fixture@example.org,Tealbrook Tutoring (Sample),Extremely Happy
1007,Export all bookings to CSV,How do I export all of our bookings for the year to a CSV file for our records?,Closed,Medium,Email,Question,Lee Supportly,Tier 1,2026-09-22 11:15:00,2026-09-23 11:15:00,2026-09-22 13:45:00,2026-09-22 13:45:00,export,Robin Dummyworth,robin.dummyworth@example.net,Copperfield Vets (Sample),Extremely Happy
1008,Charged twice this month,My card was charged twice for September. Please refund the duplicate payment.,Closed,Medium,Email,Question,Morgan Billingham,Billing,2026-09-22 15:02:00,2026-09-23 15:02:00,2026-09-23 10:40:00,2026-09-23 10:40:00,billing,Taylor Stubbs,taylor.stubbs@example.com,Juniper Lane Spa (Sample),Extremely Happy
1009,New vet can't see her schedule,We added Dr. Pat Imaginary as a staff member but she sees an empty schedule when she logs in.,Open,High,Email,Question,Lee Supportly,Tier 1,2026-10-01 11:30:00,2026-10-02 11:30:00,,2026-10-01 11:30:00,staff,Alex Pretendo,alex.pretendo@example.org,Copperfield Vets (Sample),
1010,Add a new staff member,How do I add a new stylist as a team member so she can see her own schedule only?,Closed,Medium,Email,Question,Sam Agentson,Tier 1,2026-09-23 10:00:00,2026-09-24 10:00:00,2026-09-23 12:00:00,2026-09-23 12:00:00,staff,Morgan Fakely,morgan.fakely@example.com,Bramblewood Salon (Sample),Extremely Happy
1011,Reminder emails have wrong time,Reminder emails say 3pm but the booking is at 2pm. Our time zone in settings is correct.,5,2,Email,Question,Casey Escalante,Tier 2,2026-09-24 13:30:00,2026-09-25 13:30:00,2026-09-26 09:00:00,2026-09-26 09:00:00,timezone,Casey Notreal,casey.notreal@example.net,Quartzline Physio (Sample),Unhappy
1012,Export is missing prices,The bookings CSV export has an empty price column for September. We need it for payroll today.,Open,Medium,Email,Question,,,2026-10-01 12:15:00,2026-10-02 12:15:00,,2026-10-01 12:15:00,export,Drew Samplesen,drew.samplesen@example.net,Juniper Lane Spa (Sample),
1013,Download my data as a spreadsheet,Where can I download all client records and bookings as a spreadsheet? We need a backup.,Resolved,Medium,Email,Question,Sam Agentson,Tier 1,2026-09-25 12:10:00,2026-09-26 12:10:00,2026-09-25 14:00:00,2026-09-25 14:00:00,export,Jamie Specimen,jamie.specimen@example.com,Tealbrook Tutoring (Sample),Extremely Happy
1014,Invoice shows wrong company name,The invoice still shows our old company name. Can you update billing details and resend the invoice?,Resolved,Medium,Email,Question,Morgan Billingham,Billing,2026-09-25 16:45:00,2026-09-26 16:45:00,2026-09-26 09:30:00,2026-09-26 09:30:00,billing,Alex Pretendo,alex.pretendo@example.org,Copperfield Vets (Sample),Extremely Happy
1015,Intake form field for allergies,Can I add an intake form field so spa clients list allergies before booking a massage?,Resolved,Low,Email,Question,Lee Supportly,Tier 1,2026-09-26 09:20:00,2026-09-28 09:20:00,2026-09-26 15:00:00,2026-09-26 15:00:00,howto,Drew Samplesen,drew.samplesen@example.net,Juniper Lane Spa (Sample),
1016,Password reset email never arrives,I clicked forgot password three times and no email arrives. Checked spam.,Resolved,Medium,Email,Question,Sam Agentson,Tier 1,2026-09-26 11:00:00,2026-09-27 11:00:00,2026-09-26 12:15:00,2026-09-26 12:15:00,login,Parker Testa,parker.testa@example.com,Maple Row Dental (Sample),Extremely Happy
1017,Refund for annual renewal,We were charged $588.00 for the annual renewal on 2026-08-20. We have barely used Quillfern since and want a full refund.,Open,Medium,Email,Question,Morgan Billingham,Billing,2026-09-29 10:05:00,2026-10-03 10:05:00,,2026-09-29 10:05:00,"billing,refund",Taylor Stubbs,taylor.stubbs@example.com,Juniper Lane Spa (Sample),
1018,Daylight saving broke our reminders,Text reminders are going out an hour early since the daylight saving change. Is this a known issue?,4,2,Email,Question,Casey Escalante,Tier 2,2026-09-27 08:40:00,2026-09-28 08:40:00,2026-09-29 10:00:00,2026-09-29 10:00:00,timezone,Quinn Mockford,quinn.mockford@example.com,Quartzline Physio (Sample),Unhappy
1019,CSV export of appointments for accountant,Our accountant needs a CSV export of last quarter's appointments with prices. How?,Resolved,Medium,Email,Question,Lee Supportly,Tier 1,2026-09-27 13:05:00,2026-09-28 13:05:00,2026-09-27 16:20:00,2026-09-27 16:20:00,export,Robin Dummyworth,robin.dummyworth@example.net,Copperfield Vets (Sample),Extremely Happy
1020,Upgrade plan and add two seats,We'd like to upgrade to the Studio plan and add two seats. Will we be charged a prorated amount?,Resolved,Medium,Email,Question,Morgan Billingham,Billing,2026-09-28 10:30:00,2026-09-29 10:30:00,2026-09-28 12:00:00,2026-09-28 12:00:00,billing,Taylor Stubbs,taylor.stubbs@example.com,Juniper Lane Spa (Sample),Extremely Happy
,,,,,,,,,,,,,,,,,
1021,Deleted client notes - consulting my lawyer,Your update on Tuesday wiped the treatment notes for 40 of our clients. This is completely unacceptable. I am consulting my lawyer about legal action if the notes are not restored.,Open,High,Email,Question,Casey Escalante,Tier 2,2026-10-01 16:00:00,2026-10-03 07:00:00,,2026-10-01 16:00:00,data,Casey Notreal,casey.notreal@example.net,Quartzline Physio (Sample),
1022,Custom booking question for first visit,Is there a way to show a custom question on the booking form only for a first visit?,Resolved,Low,Email,Question,Lee Supportly,Tier 1,2026-09-29 09:00:00,2026-10-01 09:00:00,2026-09-29 14:00:00,2026-09-29 14:00:00,howto,Dana Fixture,dana.fixture@example.org,Tealbrook Tutoring (Sample),
1023,Outlook calendar not syncing,My Outlook calendar is not syncing new bookings since yesterday.,Resolved,Medium,Email,Question,Sam Agentson,Tier 1,2026-09-29 11:20:00,2026-09-30 11:20:00,2026-09-29 15:00:00,2026-09-29 15:00:00,calendar,Morgan Fakely,morgan.fakely@example.com,Bramblewood Salon (Sample),Extremely Happy
1024,Clients in another time zone see wrong slot,Clients booking from another time zone see the wrong time slot on the booking page.,Resolved,Medium,Email,Question,Casey Escalante,Tier 2,2026-09-29 15:10:00,2026-09-30 15:10:00,2026-10-01 10:00:00,2026-10-01 10:00:00,timezone,Casey Notreal,casey.notreal@example.net,Quartzline Physio (Sample),
1025,Receipt for annual payment,"Please send me a receipt for our annual payment, I can't find it in the billing page.",4,2,Email,Question,Morgan Billingham,Billing,2026-09-30 10:00:00,2026-10-01 10:00:00,2026-09-30 11:00:00,2026-09-30 11:00:00,billing,Avery Sample,avery.sample@example.com,Maple Row Dental (Sample),Extremely Happy
1026,THIRD TIME asking - card charged but plan downgraded,"This is the THIRD time I am writing. You charged our card and then downgraded all six clinics to the free plan. Here is the card you charged, 4111 1111 1111 1111 exp 12/28, check it yourself. Fix this today or we cancel every location and move to another provider.",Open,Urgent,Email,Question,Casey Escalante,Tier 2,2026-10-02 07:30:00,2026-10-02 17:30:00,,2026-10-02 07:30:00,billing,Jordan Testwell,jordan.testwell@example.org,Harborview Clinics Group (Sample),
1027,Feature request: waitlist,Feature request: it would be great to have a waitlist when a day is fully booked. Please add!,Resolved,Low,Email,Question,Lee Supportly,Tier 1,2026-09-30 14:30:00,2026-10-02 14:30:00,2026-09-30 16:00:00,2026-09-30 16:00:00,feature-request,Drew Samplesen,drew.samplesen@example.net,Juniper Lane Spa (Sample),
1028,Locked out of account,I'm locked out of my account after too many login attempts.,Resolved,Medium,Email,Question,Sam Agentson,Tier 1,2026-10-01 09:10:00,2026-10-02 09:10:00,2026-10-01 09:50:00,2026-10-01 09:50:00,login,Alex Pretendo,alex.pretendo@example.org,Copperfield Vets (Sample),Extremely Happy
1029,Staff permissions for receptionist,What permission should our receptionist have so she can book for everyone but not see reports?,Resolved,Medium,Email,Question,Lee Supportly,Tier 1,2026-10-01 12:00:00,2026-10-02 12:00:00,2026-10-01 13:30:00,2026-10-01 13:30:00,staff,Riley Placeholder,riley.placeholder@example.net,Bramblewood Salon (Sample),Extremely Happy
1030,Double bookings after Google Calendar sync,Since last week the Google Calendar sync is creating double bookings for two of our hygienists. Example bookings BK-55102 and BK-55117 both show twice.,Open,Medium,Email,Question,Casey Escalante,Tier 2,2026-09-22 09:00:00,2026-10-03 12:00:00,,2026-09-22 09:00:00,"calendar,double-booking",Avery Sample,avery.sample@example.com,Maple Row Dental (Sample),
1031,Add a question to booking form,How do I add a required question like 'student name' to the booking form?,Resolved,Low,Email,Question,Sam Agentson,Tier 1,2026-10-01 15:00:00,2026-10-03 15:00:00,2026-10-01 17:00:00,2026-10-01 17:00:00,howto,Jamie Specimen,jamie.specimen@example.com,Tealbrook Tutoring (Sample),Unhappy
1032,Booking form custom question for parents,Can the booking form ask parents for a custom question like 'child's school'?,2,2,Email,Question,Lee Supportly,Tier 1,2026-10-01 18:20:00,2026-10-02 18:20:00,,2026-10-01 18:20:00,howto,Dana Fixture,dana.fixture@example.org,Tealbrook Tutoring (Sample),
1033,No se sincroniza el calendario de Google,"Hola, desde ayer las citas nuevas no aparecen en nuestro calendario de Google. Ya intentamos desconectar y volver a conectar la cuenta. Gracias por la ayuda.",Open,Medium,Email,Question,,,2026-10-01 20:10:00,2026-10-02 20:10:00,,2026-10-01 20:10:00,,Lucia Ejemplo,lucia.ejemplo@example.org,Estudio Nube Azul (Muestra),
1034,Reset two-factor for former manager,Our former manager had 2FA on the owner account. How do we reset it?,Pending,Medium,Email,Question,Sam Agentson,Tier 1,2026-10-01 21:00:00,2026-10-03 21:00:00,,2026-10-01 21:00:00,login,Morgan Fakely,morgan.fakely@example.com,Bramblewood Salon (Sample),
1035,Please add Apple Calendar,"Feature request: please add Apple Calendar sync, it would be great for our tutors.",Open,Low,Email,Question,,,2026-10-02 06:10:00,2026-10-04 06:10:00,,2026-10-02 06:10:00,feature-request,Jamie Specimen,jamie.specimen@example.com,Tealbrook Tutoring (Sample),
1036,SMS reminders not sending since this morning,None of our SMS reminders went out this morning. Clients are missing appointments.,Open,High,Email,Question,,,2026-10-02 06:40:00,2026-10-02 14:40:00,,2026-10-02 06:40:00,sms,Riley Placeholder,riley.placeholder@example.net,Bramblewood Salon (Sample),
1037,Cancel our subscription,Please cancel our subscription at the end of this billing period. We are switching to another tool.,Open,Medium,Email,Question,,,2026-10-02 07:05:00,2026-10-03 07:05:00,,2026-10-02 07:05:00,,Skyler Mockett,skyler.mockett@example.org,Harborview Clinics Group (Sample),
1038,Clients didn't get text reminders today,Our clients did not get their text reminders today. Is the SMS reminder service down?,Open,High,Email,Question,,,2026-10-02 07:55:00,2026-10-02 15:55:00,,2026-10-02 07:55:00,,Robin Dummyworth,robin.dummyworth@example.net,Copperfield Vets (Sample),
1039,Time zone wrong again on reminders,"Text reminders show the wrong time again, one hour off, same as last week.",2,2,Email,Question,,,2026-10-02 08:10:00,2026-10-03 08:10:00,,2026-10-02 08:10:00,,Quinn Mockford,quinn.mockford@example.com,Quartzline Physio (Sample),
1040,Unknown login from another country,We got an email about a login to our account from a country we have never been to. Was our account hacked?,Open,Medium,Email,Question,,,2026-10-02 08:30:00,2026-10-03 08:30:00,,2026-10-02 08:30:00,,Parker Testa,parker.testa@example.com,Maple Row Dental (Sample),
