Item,Opened Meeting,Opened Date,Description,Owner,Due,Status,Closed Date,Notes
5.01,5,2026-09-16,Issue revised demo plan for room 110 floor drain,Architect,2026-09-23,Closed,2026-09-25,See RFI-002
5.02,5,2026-09-16,Confirm owner furniture vendor delivery window,Owner,2026-10-07,Open,,M7: Vendor proposes week of Feb 16; Owner to confirm
5.03,5,2026-09-16,Submit door hardware submittal package,GC,2026-10-09,Open,,Hardware sub waiting on AHC; M7: Waiting on AHC sign-off; electrified locks are long lead (due moved from 2026-09-30)
6.01,6,2026-09-23,Answer RFI-003 corridor ceiling height,Architect,2026-10-02,Open,,M7: Architect to issue Friday (due moved from 2026-09-29)
6.02,6,2026-09-23,Provide keying conference date options,Owner,2026-09-30,Closed,2026-09-30,M7: Keying conference set for Oct 14
6.03,6,2026-09-23,Send updated 3-week look-ahead,GC,2026-09-30,Closed,2026-09-29,
7.01,7,2026-09-30,Respond to RFI on door 104 frame type / EPT prep,Architect,,Open,,GC sending RFI 9/30
7.02,7,2026-09-30,Submit TAB qualification data (spec 23 05 93 1.4.A),GC,2026-10-08,Open,,
7.03,7,2026-09-30,Issue sketch for added hand sink in med room 104,MEP Engineer,2026-10-09,Open,,
7.04,7,2026-09-30,Price added hand sink after sketch received,GC,,Open,,Within one week of sketch per meeting
