section,section_title,ref,article_title,item,type,category,description,due_rule,lead_weeks,lead_source,flags,origin,dup_of,source_file,source_line,part
08 71 00,DOOR HARDWARE,1.3.A,ACTION SUBMITTALS,Product Data,Product Data,Action,"Product Data: For each type of product indicated. Include construction details, material descriptions, dimensions, finishes, and operating characteristics.",,12,spec 1.7.B,LONG-LEAD; or-equal/substitution allowed (2.1.A),submittal article,,08_71_00_door_hardware.txt,20,1
08 71 00,DOOR HARDWARE,1.3.B,ACTION SUBMITTALS,Door Hardware Schedule,Shop Drawing,Action,"Door Hardware Schedule: Prepared by or under the supervision of the Architectural Hardware Consultant. Coordinate with the door and frame schedules and with final hollow metal shop drawings. 1. Submit concurrently with Section 08 11 13 shop drawings. 2. Use vertical format, listing each door opening and hardware set.",,12,spec 1.7.B,LONG-LEAD; submit with 08 11 13,submittal article,,08_71_00_door_hardware.txt,23,1
08 71 00,DOOR HARDWARE,1.3.C,ACTION SUBMITTALS,Wiring Diagrams,Shop Drawing,Action,"Wiring Diagrams: For electrified door hardware, include elevation of each electrified opening, riser diagrams, point-to-point wiring, and power supply locations. Coordinate with Section 28 13 00.",,12,spec 1.7.B,LONG-LEAD,submittal article,,08_71_00_door_hardware.txt,28,1
08 71 00,DOOR HARDWARE,1.3.D,ACTION SUBMITTALS,Keying Schedule,Shop Drawing,Action,"Keying Schedule: Prepared under the supervision of the Owner, the Architect and the Architectural Hardware Consultant, after a keying conference with the Owner.",,12,spec 1.7.B,LONG-LEAD,submittal article,,08_71_00_door_hardware.txt,31,1
08 71 00,DOOR HARDWARE,1.3.E,ACTION SUBMITTALS,Samples,Sample,Action,"Samples: For each exposed product in each finish specified, in manufacturer's standard size. Samples will be returned to Contractor.",,12,spec 1.7.B,LONG-LEAD,submittal article,,08_71_00_door_hardware.txt,34,1
08 71 00,DOOR HARDWARE,1.4.A,INFORMATIONAL SUBMITTALS,Qualification Data,Qualification,Informational,Qualification Data: For Architectural Hardware Consultant.,,,,,submittal article,,08_71_00_door_hardware.txt,38,1
08 71 00,DOOR HARDWARE,1.4.B,INFORMATIONAL SUBMITTALS,Product Certificates,Certificate,Informational,Product Certificates: Signed by manufacturers certifying that products comply with ANSI/BHMA Grade 1 requirements indicated.,,,,,submittal article,,08_71_00_door_hardware.txt,39,1
08 71 00,DOOR HARDWARE,1.5.A,CLOSEOUT SUBMITTALS,Maintenance Data,O&M Data,Closeout,Maintenance Data: For door hardware to include in maintenance manuals.,,,,,submittal article,,08_71_00_door_hardware.txt,43,1
08 71 00,DOOR HARDWARE,1.5.B,CLOSEOUT SUBMITTALS,Warranty,Warranty,Closeout,Warranty: Sample of special warranty.,,,,,submittal article,,08_71_00_door_hardware.txt,44,1
08 71 00,DOOR HARDWARE,1.5.C,CLOSEOUT SUBMITTALS,Final keying schedule and bitting list,Closeout Document,Closeout,"Final keying schedule and bitting list, delivered to Owner by registered mail.",,,,,submittal article,,08_71_00_door_hardware.txt,45,1
08 71 00,DOOR HARDWARE,2.3.B,MECHANICAL AND ELECTRIFIED LOCKS,Electrified Mortise Locks,Product Data,Action,"Electrified Mortise Locks: BHMA A156.13, Grade 1, 24 VDC, fail-secure unless otherwise indicated, with request-to-exit switch. 1. Submit product data for electrified locks with the wiring diagrams required in Article 1.3.",,12,spec 1.7.B,LONG-LEAD; or-equal/substitution allowed (2.1.A),outside submittal article - verify,08 71 00 1.3.A,08_71_00_door_hardware.txt,88,2
08 71 00,DOOR HARDWARE,3.3.A,FIELD QUALITY CONTROL,Independent Architectural Hardware Consultant Inspection,Test/Inspection Report,Informational,"Independent Architectural Hardware Consultant Inspection: After installation, the Architectural Hardware Consultant shall inspect each opening and submit a written inspection report to the Architect listing deficiencies.",,,,,outside submittal article - verify,,08_71_00_door_hardware.txt,121,3
09 91 23,INTERIOR PAINTING,1.03.B,SUBMITTALS,Product Data,Product Data,Action,"Product Data: For each paint system specified, including primers. Include manufacturer's printed product information and VOC content.",,,,"or-equal/substitution allowed (2.01.A, 2.01.B)",submittal article,,09_91_23_interior_painting.txt,15,1
09 91 23,INTERIOR PAINTING,1.03.C,SUBMITTALS,Samples for Verification,Sample,Action,"Samples for Verification: Submit two 8 by 10 inch drawdown samples of each color and sheen selected, on the actual substrate where practical. 1. Colors will be selected by the Architect from the manufacturer's full range.",,,,,submittal article,,09_91_23_interior_painting.txt,17,1
09 91 23,INTERIOR PAINTING,1.03.D,SUBMITTALS,Product List,Product Data,Action,Product List: Cross-reference to paint system and locations of application areas. Use same designations indicated on Drawings and in the finish schedule.,,,,"or-equal/substitution allowed (2.01.A, 2.01.B)",submittal article,,09_91_23_interior_painting.txt,21,1
09 91 23,INTERIOR PAINTING,1.03.E,SUBMITTALS,VOC Certification,Certificate,Informational,VOC Certification: Manufacturer's certification that each interior coating complies with the VOC limits specified.,,,,,submittal article,,09_91_23_interior_painting.txt,24,1
09 91 23,INTERIOR PAINTING,1.03.F,SUBMITTALS,Maintenance Material,Extra Stock,Closeout,"Maintenance Material: Furnish 1 gallon of each color and sheen applied, in unopened, labeled containers, to Owner at Substantial Completion.",SC,,,,submittal article,,09_91_23_interior_painting.txt,26,1
09 91 23,INTERIOR PAINTING,1.04.A,QUALITY ASSURANCE,Mockups,Mockup,Action,Mockups: Apply benchmark samples of each paint system indicated on a wall area of not less than 100 sq. ft. in the location directed by the Architect. Obtain the Architect's approval of mockups before starting final painting work. Approved mockups may remain as part of the Work.,,,,,outside submittal article - verify,,09_91_23_interior_painting.txt,30,1
23 05 93,"TESTING, ADJUSTING, AND BALANCING FOR HVAC",1.4.A,INFORMATIONAL SUBMITTALS,Qualification Data,Qualification,Informational,"Qualification Data: Within 30 days after Notice to Proceed, submit documentation that the TAB Specialist and this Project's TAB team members meet the qualifications specified in ""Quality Assurance"" Article.",NTP+30,,,,submittal article,,23_05_93_tab.txt,19,1
23 05 93,"TESTING, ADJUSTING, AND BALANCING FOR HVAC",1.4.B,INFORMATIONAL SUBMITTALS,Contract Documents Examination Report,Test/Inspection Report,Informational,"Contract Documents Examination Report: Within 45 days after Notice to Proceed, submit the Contract Documents review report as specified in Part 3.",NTP+45,,,,submittal article,,23_05_93_tab.txt,23,1
23 05 93,"TESTING, ADJUSTING, AND BALANCING FOR HVAC",1.4.C,INFORMATIONAL SUBMITTALS,Strategies and Procedures Plan,Plan/Procedure,Informational,"Strategies and Procedures Plan: Within 60 days after Notice to Proceed, submit TAB strategies and step-by-step procedures as specified in ""Preparation"" Article.",NTP+60,,,,submittal article,,23_05_93_tab.txt,26,1
23 05 93,"TESTING, ADJUSTING, AND BALANCING FOR HVAC",1.4.D,INFORMATIONAL SUBMITTALS,Certified TAB Reports,Test/Inspection Report,Informational,"Certified TAB Reports: Submit two copies of the certified TAB report, signed by the TAB Specialist.",,,,,submittal article,,23_05_93_tab.txt,29,1
23 05 93,"TESTING, ADJUSTING, AND BALANCING FOR HVAC",1.4.E,INFORMATIONAL SUBMITTALS,Instrument Calibration Reports,Test/Inspection Report,Informational,"Instrument Calibration Reports, including: 1. Instrument type and make. 2. Serial number. 3. Date of calibration.",,,,,submittal article,,23_05_93_tab.txt,31,1
23 05 93,"TESTING, ADJUSTING, AND BALANCING FOR HVAC",3.3.A,FINAL REPORT,Final TAB Report,Test/Inspection Report,Informational,"Final TAB Report: Submit the final report for Architect and Engineer review before Substantial Completion. Include a certification sheet, system diagrams, and measured versus design airflow for each outlet.",SC,,,,outside submittal article - verify,,23_05_93_tab.txt,58,3
