Submittal No,Spec Section,Section Title,Spec Ref,Item,Type,Category,Description,Reviewer,Need Date,Need Basis,Lead Weeks,Lead Source,Submit By,Working,Status,Ball In Court,Flags,Source
08 71 00-001,08 71 00,DOOR HARDWARE,1.3.A,Product Data,Product Data,Action,"Product Data: For each type of product indicated. Include construction details, material descriptions, dimensions, finishes, and operating characteristics.",Architect,2027-01-18,A1270 Install door hardware,12,spec 1.7.B,2026-10-05,need 2027-01-18 - 12wk x 7 = 84d lead - 14d review - 7d buffer = 2026-10-05,Not submitted,GC/Sub,DUE IN 3d; LONG-LEAD; or-equal/substitution allowed (2.1.A),08_71_00_door_hardware.txt:20 (submittal article)
08 71 00-002,08 71 00,DOOR HARDWARE,1.3.B,Door Hardware Schedule,Shop Drawing,Action,"Door Hardware Schedule: Prepared by or under the supervision of the Architectural Hardware Consultant. Coordinate with the door and frame schedules and with final hollow metal shop drawings. 1. Submit concurrently with Section 08 11 13 shop drawings. 2. Use vertical format, listing each door opening and hardware set.",Architect,2027-01-18,A1270 Install door hardware,12,spec 1.7.B,2026-10-05,need 2027-01-18 - 12wk x 7 = 84d lead - 14d review - 7d buffer = 2026-10-05,Not submitted,GC/Sub,DUE IN 3d; LONG-LEAD; submit with 08 11 13,08_71_00_door_hardware.txt:23 (submittal article)
08 71 00-003,08 71 00,DOOR HARDWARE,1.3.C,Wiring Diagrams,Shop Drawing,Action,"Wiring Diagrams: For electrified door hardware, include elevation of each electrified opening, riser diagrams, point-to-point wiring, and power supply locations. Coordinate with Section 28 13 00.",Architect,2027-01-18,A1270 Install door hardware,12,spec 1.7.B,2026-10-05,need 2027-01-18 - 12wk x 7 = 84d lead - 14d review - 7d buffer = 2026-10-05,Not submitted,GC/Sub,DUE IN 3d; LONG-LEAD,08_71_00_door_hardware.txt:28 (submittal article)
08 71 00-004,08 71 00,DOOR HARDWARE,1.3.D,Keying Schedule,Shop Drawing,Action,"Keying Schedule: Prepared under the supervision of the Owner, the Architect and the Architectural Hardware Consultant, after a keying conference with the Owner.",Architect,2027-01-18,A1270 Install door hardware,12,spec 1.7.B,2026-10-05,need 2027-01-18 - 12wk x 7 = 84d lead - 14d review - 7d buffer = 2026-10-05,Not submitted,GC/Sub,DUE IN 3d; LONG-LEAD,08_71_00_door_hardware.txt:31 (submittal article)
08 71 00-005,08 71 00,DOOR HARDWARE,1.3.E,Samples,Sample,Action,"Samples: For each exposed product in each finish specified, in manufacturer's standard size. Samples will be returned to Contractor.",Architect,2027-01-18,A1270 Install door hardware,12,spec 1.7.B,2026-10-05,need 2027-01-18 - 12wk x 7 = 84d lead - 14d review - 7d buffer = 2026-10-05,Not submitted,GC/Sub,DUE IN 3d; LONG-LEAD,08_71_00_door_hardware.txt:34 (submittal article)
08 71 00-006,08 71 00,DOOR HARDWARE,1.4.A,Qualification Data,Qualification,Informational,Qualification Data: For Architectural Hardware Consultant.,Architect,2027-01-18,A1270 Install door hardware,,,2026-10-05,with first action submittal of section (2026-10-05),Not submitted,GC/Sub,DUE IN 3d,08_71_00_door_hardware.txt:38 (submittal article)
08 71 00-007,08 71 00,DOOR HARDWARE,1.4.B,Product Certificates,Certificate,Informational,Product Certificates: Signed by manufacturers certifying that products comply with ANSI/BHMA Grade 1 requirements indicated.,Architect,2027-01-18,A1270 Install door hardware,,,2026-10-05,with first action submittal of section (2026-10-05),Not submitted,GC/Sub,DUE IN 3d,08_71_00_door_hardware.txt:39 (submittal article)
08 71 00-008,08 71 00,DOOR HARDWARE,1.5.A,Maintenance Data,O&M Data,Closeout,Maintenance Data: For door hardware to include in maintenance manuals.,Architect,2027-01-18,A1270 Install door hardware,,,2027-02-15,Substantial Completion 2027-02-15 (verify closeout timing in Division 01),Not submitted,GC/Sub,,08_71_00_door_hardware.txt:43 (submittal article)
08 71 00-009,08 71 00,DOOR HARDWARE,1.5.B,Warranty,Warranty,Closeout,Warranty: Sample of special warranty.,Architect,2027-01-18,A1270 Install door hardware,,,2027-02-15,Substantial Completion 2027-02-15 (verify closeout timing in Division 01),Not submitted,GC/Sub,,08_71_00_door_hardware.txt:44 (submittal article)
08 71 00-010,08 71 00,DOOR HARDWARE,1.5.C,Final keying schedule and bitting list,Closeout Document,Closeout,"Final keying schedule and bitting list, delivered to Owner by registered mail.",Architect,2027-01-18,A1270 Install door hardware,,,2027-02-15,Substantial Completion 2027-02-15 (verify closeout timing in Division 01),Not submitted,GC/Sub,,08_71_00_door_hardware.txt:45 (submittal article)
08 71 00-011,08 71 00,DOOR HARDWARE,3.3.A,Independent Architectural Hardware Consultant Inspection,Test/Inspection Report,Informational,"Independent Architectural Hardware Consultant Inspection: After installation, the Architectural Hardware Consultant shall inspect each opening and submit a written inspection report to the Architect listing deficiencies.",Architect,2027-01-18,A1270 Install door hardware,,,2027-01-22,after the work: last finish 2027-01-22 (A1270 Install door hardware),Not submitted,GC/Sub,,08_71_00_door_hardware.txt:121 (outside submittal article - verify)
09 91 23-001,09 91 23,INTERIOR PAINTING,1.03.B,Product Data,Product Data,Action,"Product Data: For each paint system specified, including primers. Include manufacturer's printed product information and VOC content.",Architect,2026-12-01,A1180 Paint mockup,4,assumed - confirm with supplier,2026-10-13,need 2026-12-01 - 4wk x 7 = 28d lead - 14d review - 7d buffer = 2026-10-13,Not submitted,GC/Sub,"DUE IN 11d; or-equal/substitution allowed (2.01.A, 2.01.B)",09_91_23_interior_painting.txt:15 (submittal article)
09 91 23-002,09 91 23,INTERIOR PAINTING,1.03.C,Samples for Verification,Sample,Action,"Samples for Verification: Submit two 8 by 10 inch drawdown samples of each color and sheen selected, on the actual substrate where practical. 1. Colors will be selected by the Architect from the manufacturer's full range.",Architect,2026-12-01,A1180 Paint mockup,4,assumed - confirm with supplier,2026-10-13,need 2026-12-01 - 4wk x 7 = 28d lead - 14d review - 7d buffer = 2026-10-13,Not submitted,GC/Sub,DUE IN 11d,09_91_23_interior_painting.txt:17 (submittal article)
09 91 23-003,09 91 23,INTERIOR PAINTING,1.03.D,Product List,Product Data,Action,Product List: Cross-reference to paint system and locations of application areas. Use same designations indicated on Drawings and in the finish schedule.,Architect,2026-12-01,A1180 Paint mockup,4,assumed - confirm with supplier,2026-10-13,need 2026-12-01 - 4wk x 7 = 28d lead - 14d review - 7d buffer = 2026-10-13,Not submitted,GC/Sub,"DUE IN 11d; or-equal/substitution allowed (2.01.A, 2.01.B)",09_91_23_interior_painting.txt:21 (submittal article)
09 91 23-004,09 91 23,INTERIOR PAINTING,1.03.E,VOC Certification,Certificate,Informational,VOC Certification: Manufacturer's certification that each interior coating complies with the VOC limits specified.,Architect,2026-12-01,A1180 Paint mockup,,,2026-10-13,with first action submittal of section (2026-10-13),Not submitted,GC/Sub,DUE IN 11d,09_91_23_interior_painting.txt:24 (submittal article)
09 91 23-005,09 91 23,INTERIOR PAINTING,1.03.F,Maintenance Material,Extra Stock,Closeout,"Maintenance Material: Furnish 1 gallon of each color and sheen applied, in unopened, labeled containers, to Owner at Substantial Completion.",Architect,2026-12-01,A1180 Paint mockup,,,2027-02-15,Substantial Completion 2027-02-15 (spec 1.03.F),Not submitted,GC/Sub,,09_91_23_interior_painting.txt:26 (submittal article)
09 91 23-006,09 91 23,INTERIOR PAINTING,1.04.A,Mockups,Mockup,Action,Mockups: Apply benchmark samples of each paint system indicated on a wall area of not less than 100 sq. ft. in the location directed by the Architect. Obtain the Architect's approval of mockups before starting final painting work. Approved mockups may remain as part of the Work.,Architect,2026-12-01,A1180 Paint mockup,,,2026-11-17,need 2026-12-01 - 14d review = 2026-11-17,Not submitted,GC/Sub,,09_91_23_interior_painting.txt:30 (outside submittal article - verify)
23 05 93-001,23 05 93,"TESTING, ADJUSTING, AND BALANCING FOR HVAC",1.4.A,Qualification Data,Qualification,Informational,"Qualification Data: Within 30 days after Notice to Proceed, submit documentation that the TAB Specialist and this Project's TAB team members meet the qualifications specified in ""Quality Assurance"" Article.",Architect / MEP Engineer,2027-01-25,"A1310 Testing, adjusting and balancing",,,2026-10-08,spec 1.4.A: NTP 2026-09-08 + 30d = 2026-10-08,Not submitted,GC/Sub,DUE IN 6d,23_05_93_tab.txt:19 (submittal article)
23 05 93-002,23 05 93,"TESTING, ADJUSTING, AND BALANCING FOR HVAC",1.4.B,Contract Documents Examination Report,Test/Inspection Report,Informational,"Contract Documents Examination Report: Within 45 days after Notice to Proceed, submit the Contract Documents review report as specified in Part 3.",Architect / MEP Engineer,2027-01-25,"A1310 Testing, adjusting and balancing",,,2026-10-23,spec 1.4.B: NTP 2026-09-08 + 45d = 2026-10-23,Not submitted,GC/Sub,,23_05_93_tab.txt:23 (submittal article)
23 05 93-003,23 05 93,"TESTING, ADJUSTING, AND BALANCING FOR HVAC",1.4.C,Strategies and Procedures Plan,Plan/Procedure,Informational,"Strategies and Procedures Plan: Within 60 days after Notice to Proceed, submit TAB strategies and step-by-step procedures as specified in ""Preparation"" Article.",Architect / MEP Engineer,2027-01-25,"A1310 Testing, adjusting and balancing",,,2026-11-07,spec 1.4.C: NTP 2026-09-08 + 60d = 2026-11-07,Not submitted,GC/Sub,,23_05_93_tab.txt:26 (submittal article)
23 05 93-004,23 05 93,"TESTING, ADJUSTING, AND BALANCING FOR HVAC",1.4.D,Certified TAB Reports,Test/Inspection Report,Informational,"Certified TAB Reports: Submit two copies of the certified TAB report, signed by the TAB Specialist.",Architect / MEP Engineer,2027-01-25,"A1310 Testing, adjusting and balancing",,,2027-01-29,"after the work: last finish 2027-01-29 (A1310 Testing, adjusting and balancing)",Not submitted,GC/Sub,,23_05_93_tab.txt:29 (submittal article)
23 05 93-005,23 05 93,"TESTING, ADJUSTING, AND BALANCING FOR HVAC",1.4.E,Instrument Calibration Reports,Test/Inspection Report,Informational,"Instrument Calibration Reports, including: 1. Instrument type and make. 2. Serial number. 3. Date of calibration.",Architect / MEP Engineer,2027-01-25,"A1310 Testing, adjusting and balancing",,,2027-01-29,"after the work: last finish 2027-01-29 (A1310 Testing, adjusting and balancing)",Not submitted,GC/Sub,,23_05_93_tab.txt:31 (submittal article)
23 05 93-006,23 05 93,"TESTING, ADJUSTING, AND BALANCING FOR HVAC",3.3.A,Final TAB Report,Test/Inspection Report,Informational,"Final TAB Report: Submit the final report for Architect and Engineer review before Substantial Completion. Include a certification sheet, system diagrams, and measured versus design airflow for each outlet.",Architect / MEP Engineer,2027-01-25,"A1310 Testing, adjusting and balancing",,,2027-02-15,Substantial Completion 2027-02-15 (spec 3.3.A),Not submitted,GC/Sub,,23_05_93_tab.txt:58 (outside submittal article - verify)
