MLS #,Status,List Price,Original List Price,Close Price,Close Date,List Date,DOM,CDOM,Address,City,Zip,Subdivision,Beds,Baths Full,Baths Half,SqFt Living,Lot Acres,Year Built,Garage Spaces,Pool (Y/N),Stories,Property Type,HOA Fee,Concessions,Public Remarks
CH26-1001,Closed,389900,395000,385000,08/14/2026,06/20/2026,22,22,118 Bramble Way,Cedar Hollow,75999,Cedar Hollow Estates,4,2,1,2080,0.2,2007,2,N,2,Residential,45,5000,"Two-story home with open kitchen, granite counters and covered patio."
CH26-1002,Closed,405000,405000,402500,07/02/2026,05/28/2026,9,9,204 Bramble Way,Cedar Hollow,75999,Cedar Hollow Estates,4,2,1,2240,0.24,2009,2,N,2,Residential,45,0,"Updated kitchen with quartz counters, new roof 2024, oversized backyard."
CH26-1003,Closed,375000,379000,371000,05/22/2026,04/11/2026,18,18,31 Thistle Ct,Cedar Hollow,75999,Cedar Hollow Estates,3,2,0,1960,0.19,2006,2,N,1,Residential,45,3500,Single-story plan with split bedrooms and vaulted living room.
CH26-1004,Closed,435000,439000,429000,09/05/2026,07/30/2026,15,15,77 Larkspur Dr,Cedar Hollow,75999,Cedar Hollow Estates,4,3,0,2380,0.26,2010,3,Y,2,Residential,45,0,"Heated pool and spa, three-car garage, primary suite down."
CH26-1005,Closed,399000,399000,394000,06/18/2026,05/14/2026,12,12,150 Larkspur Dr,Cedar Hollow,75999,Cedar Hollow Estates,4,2,1,2190,0.22,2008,2,N,2,Residential,45,6000,Same floor plan as many on the street; fresh paint and new carpet.
CH26-1006,Closed,382000,389000,379500,04/30/2026,03/19/2026,27,27,9 Fennel Pl,Cedar Hollow,75999,Cedar Hollow Estates,4,2,0,2050,0.21,2007,2,N,2,Residential,45,0,"Corner lot, study with French doors, ceiling fans throughout."
CH26-1007,Closed,399900,399900,398000,09/19/2026,08/21/2026,6,6,63 Bramble Way,Cedar Hollow,75999,Cedar Hollow Estates,4,2,1,,0.22,2008,2,N,2,Residential,45,0,"Move-in ready, wood-look tile downstairs."
CH26-1008,Closed,419000,425000,415000,03/10/2026,01/28/2026,31,31,240 Larkspur Dr,Cedar Hollow,75999,Cedar Hollow Estates,4,2,1,2210,0.23,2009,2,N,2,Residential,45,0,Extended patio and outdoor kitchen.
CH26-1009,Closed,459000,465000,455000,07/25/2026,06/12/2026,20,20,5 Juniper Knoll,Cedar Hollow,75999,Cedar Hollow Estates,5,3,1,2900,0.31,2011,3,N,2,Residential,45,0,"Five bedrooms, game room and media room."
CH26-1002,Closed,405000,405000,402500,07/02/2026,05/28/2026,9,9,204 Bramble Way,Cedar Hollow,75999,Cedar Hollow Estates,4,2,1,2240,0.24,2009,2,N,2,Residential,45,0,"Updated kitchen with quartz counters, new roof 2024, oversized backyard."
CH26-1010,Closed,"$389,900","$389,900","$388,250",8/29/2026,7/24/2026,11,11,88 Thistle Ct,Cedar Hollow,75999,Cedar Hollow Estates,4,2,1,"2,120",0.23,2008,2,N,2,Residential,$45,"$2,000",Light-filled two-story with wood floors and a large pantry.
CH26-1101,Closed,339000,345000,334000,07/09/2026,05/30/2026,25,25,12 Millrace Rd,Cedar Hollow,75999,Mill Creek,3,2,0,1780,0.17,1998,2,N,1,Residential,0,4000,Brick ranch with mature trees.
CH26-1102,Closed,359000,359000,356500,08/22/2026,07/18/2026,14,14,40 Millrace Rd,Cedar Hollow,75999,Mill Creek,4,2,0,1990,0.18,2001,2,N,1,Residential,0,0,"Updated baths, fenced yard."
CH26-1103,Closed,349500,355000,345000,06/03/2026,04/20/2026,30,30,7 Weir Ct,Cedar Hollow,75999,Mill Creek,3,2,0,1850,0.16,1999,2,N,1,Residential,0,2500,"New HVAC 2025, open living and dining."
CH26-1104,Closed,372000,372000,368000,09/12/2026,08/08/2026,10,10,81 Sluice Ln,Cedar Hollow,75999,Mill Creek,4,2,1,2110,0.19,2002,2,N,2,Residential,0,0,Two-story with loft and covered porch.
CH26-1105,Closed,329000,335000,322000,05/15/2026,03/30/2026,41,41,3 Weir Ct,Cedar Hollow,75999,Mill Creek,3,1,1,1640,0.15,1997,1,N,1,Residential,0,5000,"Starter-friendly price, needs some cosmetic updates."
CH26-1201,Closed,515000,525000,508000,07/31/2026,06/10/2026,28,28,14 Acorn Ridge,Cedar Hollow,75999,Oak Bend,4,3,1,2650,0.45,2015,3,Y,2,Residential,85,0,Custom build on nearly half an acre with pool.
CH26-1202,Closed,489000,489000,489000,08/07/2026,07/09/2026,7,7,30 Acorn Ridge,Cedar Hollow,75999,Oak Bend,4,3,0,2480,0.4,2014,3,N,1,Residential,85,0,Single-story custom with three-car garage.
CH26-1203,Closed,545000,559000,530000,06/26/2026,04/28/2026,44,44,9 Burr Oak Ct,Cedar Hollow,75999,Oak Bend,5,3,1,2950,0.52,2016,3,Y,2,Residential,85,7500,"Five bedrooms, pool, outdoor kitchen."
CH26-1204,Closed,472000,479000,468500,09/24/2026,08/15/2026,21,21,22 Burr Oak Ct,Cedar Hollow,75999,Oak Bend,4,2,1,2320,0.38,2013,2,N,2,Residential,85,0,"Wooded lot, study, game room."
CH26-1301,Closed,299000,305000,296000,07/17/2026,06/05/2026,19,19,5 Shell Rd,Pecan Flats,75998,Pecan Flats,3,2,0,1720,0.14,1994,2,N,1,Residential,0,3000,Ranch home near the town square.
CH26-1302,Closed,318000,318000,315000,08/01/2026,06/27/2026,13,13,19 Shell Rd,Pecan Flats,75998,Pecan Flats,4,2,0,1920,0.15,1996,2,N,1,Residential,0,0,"Four bedrooms, updated kitchen."
CH26-1303,Closed,289000,299000,284000,05/08/2026,03/20/2026,37,37,2 Kernel Ct,Pecan Flats,75998,Pecan Flats,3,2,0,1650,0.13,1992,1,N,1,Residential,0,4500,"Investor special, sold as-is."
CH26-1304,Closed,335000,339000,331000,09/09/2026,08/01/2026,23,23,44 Kernel Ct,Pecan Flats,75998,Pecan Flats,4,2,1,2060,0.17,1999,2,N,2,Residential,0,0,Two-story with flex room.
CH26-1401,Active,409000,409000,,,09/12/2026,18,18,17 Fennel Pl,Cedar Hollow,75999,Cedar Hollow Estates,4,2,1,2170,0.22,2008,2,N,2,Residential,45,0,"Perfect for young families! Safe, quiet neighborhood near top-rated schools and St. Luke's church. No Section 8. Buyer agent receives 2.5% plus $1,000 bonus."
CH26-1402,Active,424900,429000,,,08/29/2026,32,32,121 Larkspur Dr,Cedar Hollow,75999,Cedar Hollow Estates,4,2,1,2290,0.24,2009,2,N,2,Residential,45,0,"Freshly painted, new appliances, extended patio."
CH26-1403,Active,398500,398500,,,09/24/2026,6,6,40 Thistle Ct,Cedar Hollow,75999,Cedar Hollow Estates,4,2,0,2110,0.21,2007,2,N,2,Residential,45,0,"Study with built-ins, sprinkler system, gutters."
CH26-1404,Pending,394900,399900,,,08/15/2026,19,19,55 Bramble Way,Cedar Hollow,75999,Cedar Hollow Estates,4,2,1,2140,0.22,2008,2,N,2,Residential,45,0,"Wood floors, gas cooktop, two living areas."
CH26-1405,Pending,418000,418000,,,09/03/2026,11,11,6 Juniper Knoll,Cedar Hollow,75999,Cedar Hollow Estates,4,3,0,2310,0.25,2010,2,N,2,Residential,45,0,Primary suite down plus game room up.
CH26-1406,Expired,439000,459000,,,03/02/2026,180,180,99 Larkspur Dr,Cedar Hollow,75999,Cedar Hollow Estates,4,2,1,2200,0.22,2008,2,N,2,Residential,45,0,"Original condition, priced to reflect updates needed."
CH26-1407,Withdrawn,415000,415000,,,07/07/2026,40,40,3 Fennel Pl,Cedar Hollow,75999,Cedar Hollow Estates,4,2,1,2160,0.21,2008,2,N,2,Residential,45,0,Withdrawn; seller relocating plans changed.
CH26-1501,Active,364900,369000,,,09/01/2026,29,29,60 Millrace Rd,Cedar Hollow,75999,Mill Creek,4,2,0,2010,0.18,2001,2,N,1,Residential,0,0,"Fresh paint, new fixtures."
CH26-1502,Pending,344000,344000,,,09/10/2026,8,8,15 Sluice Ln,Cedar Hollow,75999,Mill Creek,3,2,0,1800,0.16,1999,2,N,1,Residential,0,0,"Covered patio, storage shed."
CH26-1503,Expired,355000,375000,,,02/14/2026,160,160,28 Weir Ct,Cedar Hollow,75999,Mill Creek,3,2,0,1870,0.17,1998,2,N,1,Residential,0,0,Large backyard.
CH26-1601,Active,529000,529000,,,09/20/2026,10,10,41 Acorn Ridge,Cedar Hollow,75999,Oak Bend,4,3,1,2700,0.48,2016,3,Y,2,Residential,85,0,"Pool, three-car garage, wooded half acre."
CH26-1602,Pending,499000,505000,,,08/25/2026,24,24,18 Burr Oak Ct,Cedar Hollow,75999,Oak Bend,4,3,0,2510,0.41,2014,3,N,1,Residential,85,0,"Single-story custom, study."
CH26-1603,Withdrawn,565000,565000,,,06/01/2026,55,55,12 Burr Oak Ct,Cedar Hollow,75999,Oak Bend,5,3,1,3010,0.55,2017,3,Y,2,Residential,85,0,"Outdoor kitchen, pool, media room."
CH26-1701,Active,309000,315000,,,09/05/2026,25,25,8 Shell Rd,Pecan Flats,75998,Pecan Flats,3,2,0,1740,0.14,1995,2,N,1,Residential,0,0,Updated ranch close to downtown.
CH26-1702,Pending,327500,327500,,,09/15/2026,9,9,30 Kernel Ct,Pecan Flats,75998,Pecan Flats,4,2,0,1950,0.16,1997,2,N,1,Residential,0,0,"Four bedrooms, new roof."
CH26-1703,Expired,299000,319000,,,01/10/2026,170,170,11 Kernel Ct,Pecan Flats,75998,Pecan Flats,3,2,0,1690,0.13,1993,1,N,1,Residential,0,0,Needs TLC.
