Name,Email,Phone,Has Agent,Timeline,Consent To Text,Notes,Visit Date
Avery Sampleton,avery.sampleton@example.com,555-0101,N,0-3 months,Y,Liked the kitchen; pre-approved,2026-09-27
Blake Fakename,blake.fakename@example.com,555-0102,Y,3-6 months,N,Working with another agent,2026-09-27
Casey Testwell,,555-0103,N,Just looking,Y,Lives two streets over,2026-09-27
Drew Notreal,drew.notreal@example.com,,N,6-12 months,N,Needs to sell current home first,2026-09-27
Emery Demo,emery.demo@example.com,555-0105,N,0-3 months,N,Asked about HOA fees,2026-09-27
Finley Placeholder,finley.placeholder@example.com,555-0106,N,Just looking,N,Neighbor curious about value,2026-09-27
Gray Mockup,gray.mockup@example.com,555-0107,Y,0-3 months,Y,Has an agent; asked about offers,2026-09-27
Harper Fixture,harper.fixture@example.com,555-0108,N,3-6 months,Y,,2026-09-27
Avery Sampleton,avery.sampleton@example.com,555-0101,N,0-3 months,Y,Duplicate sign-in,2026-09-27
,,,,,,,
