Line Item,Category,Qty,Unit Cost,Line Total,Request (Cedar Mill),Notes
Program Manager (1.0 FTE),Personnel,1,"$60,000",,"$8,000",Priya Sample (fictional)
Site Coordinators (2 x 0.5 FTE),Personnel,2,"$26,000",,"$10,000",
Executive Director (25% time),Personnel,0.25,"$92,000",,0,
Fringe benefits (18% of personnel),Personnel,,,"$24,300","$3,240",18% of salaries
Personnel subtotal,,,,"$159,300",,
,,,,,,
Curriculum and assessment materials,Supplies,212,$35,,,per student
Books for home libraries,Supplies,"2,000",$4.50,,"$2,700",600 books from this grant
Volunteer background checks,Volunteers,160,$25,,,
Volunteer training and recognition,Volunteers,1,"$3,500",,,
Local mileage,Travel,"9,000",$0.70,,"$1,060",IRS-style rate used by board
Data system subscription,Evaluation,12,$200,,,monthly
Administrative overhead allocation,Indirect,,,"$22,580",,
TOTAL,,,,"$214,500","$25,000",
